{
  "skins": [
    {
      "localization_name": "BronzeStatueGuardianLion",
      "geometry": "geometry.ChineseMythology.BronzeStatueGuardianLion",
      "texture": "BronzeStatueGuardianLion.png",
      "type": "free"
    },
    {
      "localization_name": "ChineseOperaChing",
      "geometry": "geometry.ChineseMythology.ChineseOperaChing",
      "texture": "ChineseOperaChing.png",
      "type": "free"
    },
    {
      "localization_name": "ChineseOperaTan",
      "geometry": "geometry.ChineseMythology.ChineseOperaTan",
      "texture": "ChineseOperaTan.png",
      "type": "free"
    },
    {
      "localization_name": "ClayStatueTerracottaWarrior",
      "geometry": "geometry.ChineseMythology.ClayStatueTerracottaWarrior",
      "texture": "ClayStatueTerracottaWarrior.png",
      "type": "free"
    },
    {
      "localization_name": "DemonBanditGoldenHorn",
      "geometry": "geometry.ChineseMythology.DemonBanditGoldenHorn",
      "texture": "DemonBanditGoldenHorn.png",
      "type": "free"
    },
    {
      "localization_name": "DemonBanditSilverHorn",
      "geometry": "geometry.ChineseMythology.DemonBanditSilverHorn",
      "texture": "DemonBanditSilverHorn.png",
      "type": "free"
    },
    {
      "localization_name": "DragonDancerSuitChineseDragonHead",
      "geometry": "geometry.ChineseMythology.DragonDancerSuitChineseDragonHead",
      "texture": "DragonDancerSuitChineseDragonHead.png",
      "type": "free"
    },
    {
      "localization_name": "DragonDancerSuitChineseDragonTail",
      "geometry": "geometry.ChineseMythology.DragonDancerSuitChineseDragonTail",
      "texture": "DragonDancerSuitChineseDragonTail.png",
      "type": "free"
    },
    {
      "localization_name": "DragonMotherGoddessLongmu",
      "geometry": "geometry.ChineseMythology.DragonMotherGoddessLongmu",
      "texture": "DragonMotherGoddessLongmu.png",
      "type": "free"
    },
    {
      "localization_name": "EasternSymbolAzureDragon",
      "geometry": "geometry.ChineseMythology.EasternSymbolAzureDragon",
      "texture": "EasternSymbolAzureDragon.png",
      "type": "free"
    },
    {
      "localization_name": "FishWarriorRiverDemon",
      "geometry": "geometry.ChineseMythology.FishWarriorRiverDemon",
      "texture": "FishWarriorRiverDemon.png",
      "type": "free"
    },
    {
      "localization_name": "HeavensGatekeeperHeavenlyKingLiJing",
      "geometry": "geometry.ChineseMythology.HeavensGatekeeperHeavenlyKingLiJing",
      "texture": "HeavensGatekeeperHeavenlyKingLiJing.png",
      "type": "free"
    },
    {
      "localization_name": "LegendaryEmpressEmpressWuZetian",
      "geometry": "geometry.ChineseMythology.LegendaryEmpressEmpressWuZetian",
      "texture": "LegendaryEmpressEmpressWuZetian.png",
      "type": "free"
    },
    {
      "localization_name": "MalevolentImmortalFoxSpiritDaji",
      "geometry": "geometry.ChineseMythology.MalevolentImmortalFoxSpiritDaji",
      "texture": "MalevolentImmortalFoxSpiritDaji.png",
      "type": "free"
    },
    {
      "localization_name": "MoonGoddessChange",
      "geometry": "geometry.ChineseMythology.MoonGoddessChange",
      "texture": "MoonGoddessChange.png",
      "type": "free"
    },
    {
      "localization_name": "MoonSpiritJadeRabbit",
      "geometry": "geometry.ChineseMythology.MoonSpiritJadeRabbit",
      "texture": "MoonSpiritJadeRabbit.png",
      "type": "free"
    },
    {
      "localization_name": "NorthernSymbolBlackTurtle",
      "geometry": "geometry.ChineseMythology.NorthernSymbolBlackTurtle",
      "texture": "NorthernSymbolBlackTurtle.png",
      "type": "free"
    },
    {
      "localization_name": "OneHornedDemonRhinocerosKing",
      "geometry": "geometry.ChineseMythology.OneHornedDemonRhinocerosKing",
      "texture": "OneHornedDemonRhinocerosKing.png",
      "type": "free"
    },
    {
      "localization_name": "RebellionLeaderPrincessZhaoofPingyang",
      "geometry": "geometry.ChineseMythology.RebellionLeaderPrincessZhaoofPingyang",
      "texture": "RebellionLeaderPrincessZhaoofPingyang.png",
      "type": "free"
    },
    {
      "localization_name": "SnakeCelestialGoddessNuwa",
      "geometry": "geometry.ChineseMythology.SnakeCelestialGoddessNuwa",
      "texture": "SnakeCelestialGoddessNuwa.png",
      "type": "free"
    },
    {
      "localization_name": "SouthernSymbolVermillionBird",
      "geometry": "geometry.ChineseMythology.SouthernSymbolVermillionBird",
      "texture": "SouthernSymbolVermillionBird.png",
      "type": "free"
    },
    {
      "localization_name": "SunWukongsMasterElderSubhuti",
      "geometry": "geometry.ChineseMythology.SunWukongsMasterElderSubhuti",
      "texture": "SunWukongsMasterElderSubhuti.png",
      "type": "free"
    },
    {
      "localization_name": "TangDynastyEmperorTaizong",
      "geometry": "geometry.ChineseMythology.TangDynastyEmperorTaizong",
      "texture": "TangDynastyEmperorTaizong.png",
      "type": "free"
    },
    {
      "localization_name": "TheLotusPrincePrinceNezha",
      "geometry": "geometry.ChineseMythology.TheLotusPrincePrinceNezha",
      "texture": "TheLotusPrincePrinceNezha.png",
      "type": "free"
    },
    {
      "localization_name": "UnderworldKingYanWang",
      "geometry": "geometry.ChineseMythology.UnderworldKingYanWang",
      "texture": "UnderworldKingYanWang.png",
      "type": "free"
    },
    {
      "localization_name": "WesternSymbolWhiteTiger",
      "geometry": "geometry.ChineseMythology.WesternSymbolWhiteTiger",
      "texture": "WesternSymbolWhiteTiger.png",
      "type": "free"
    }
  ],
  "serialize_name": "ChineseMythology",
  "localization_name": "ChineseMythology"
}